Location,Salary Estimate,Rating,count
Calabasas,70689.0,4.1,2
Carson,58338.0,4.3,1
Culver City,73684.0,3.7,1
Garden Grove,91259.0,3.7,1
La Mesa,53022.0,4.2,1
Livermore,24.5,3.9,1
Los Angeles,63406.526666666665,4.133333333333334,6
Monterey,145000.0,3.5,1
Mountain View,84326.0,4.8,1
San Diego,85100.0,4.0,1
San Francisco,66278.66666666667,4.2,3
San Jose,146000.0,4.2,1
Santa Ana,59166.0,3.4,1
Seaside,159100.0,3.6,1
